"","h.log10.q.blue","h.log10.q.brown","h.log10.q.turquoise"
"KUMAR_AUTOPHAGY_NETWORK",-15.7464383240225,1.08749422513592,8.3637346273008
"HALLMARK_APOPTOSIS",-12.0015002445662,0.153193371984535,10.8291555335614
"GO_EXTRACELLULAR_MATRIX_DISASSEMBLY",-19.6001289995292,0.140853510384993,18.0815866866739
"HALLMARK_EPITHELIAL_MESENCHYMAL_TRANSITION",-14.1415071310995,-0.712110174947541,22.4498294553738
"HALLMARK_ANGIOGENESIS",-12.9944179267121,-0.708155224669975,21.329505409217
"GO_RESPONSE_TO_OXIDATIVE_STRESS",-5.21868847120313,0.414741147851148,2.70990649229591
"HALLMARK_HYPOXIA",-8.4944657762454,0.0509227290257891,8.43438507560241
